Platform,Thread_or_post_title,URL,Date,Category,Verbatim_quote,Pain_summary,Competitor_mentioned,Relevance_to_us,Suggested_UI_implication,Already_in_USER_PAINPOINTS
qna.tax,What is Annual Information Statement (AIS) and how to download AIS?,https://qna.tax/t/what-is-annual-information-statement-ais-and-how-to-download-ais/4144,2025-07-03,AIS_mismatch,"my AIS and broker reports are completely different even the date of transactions showing in my AIS is different from the one in my broker’s statement, what is the reason behind this? And also if my AIS is showing more profit than my broker statement so should I correct the AIS or it’s not needed?",User can't tell whether to trust the AIS or the broker statement when the two disagree on amounts and dates.,Quicko,High,Show a side-by-side AIS vs broker-statement reconciliation with the discrepancy flagged and a clear recommendation on which figure to file.,Yes
qna.tax,What is Annual Information Statement (AIS) and how to download AIS?,https://qna.tax/t/what-is-annual-information-statement-ais-and-how-to-download-ais/4144,2025-07-03,AIS_mismatch,"AIS entries totally wrong and there are many missing entries also, then what we do?",User finds AIS both wrong and incomplete and has no idea how to add the missing entries.,none,High,Let users mark AIS rows as wrong/missing and generate the exact AIS-feedback action list while still letting them file on their own correct numbers.,Yes
qna.tax,What is Annual Information Statement (AIS) and how to download AIS?,https://qna.tax/t/what-is-annual-information-statement-ais-and-how-to-download-ais/4144,2025-07-03,AIS_mismatch,"The return was filed on July 24th considering the AIS data. But when I checked the last year AIS now after a year, it is showing interest income of 5000 more in last year. But the ITR already processed based on AIS before updating. And income also is below basic exemption. Is there anything ways to correct it? Or should it be ignored","AIS changed after the return was already filed and processed, leaving the user unsure whether action is even needed.",none,High,Detect post-filing AIS changes and tell the user whether the delta is material (e.g. still below exemption) and whether an updated return is actually required.,Yes
qna.tax,How to submit feedback for Income Tax e-Campaign?,https://qna.tax/t/how-to-submit-feedback-for-income-tax-e-campaign/3579,2022-12-27,AIS_mismatch,"When I am looking at my AIS, it is showing “cost of acquisition” as zero for all the shares that I have sold last year and credit type as “off market”. But this is incorrect. I had bought shares for certain buy price so cost of acquisition can’t be zero. Please let me know what feedback should I submit in the AIS?","AIS reports zero cost of acquisition on sold shares, inflating gains, and the user doesn't know which feedback option to pick.",none,High,"Auto-flag AIS capital-gains rows with zero or missing cost basis, prompt the user for the real buy price, and pre-select the correct AIS feedback category.",Yes
qna.tax,How to submit feedback for Income Tax e-Campaign?,https://qna.tax/t/how-to-submit-feedback-for-income-tax-e-campaign/3579,2022-12-24,notices,Should I select “Information is not fully correct” option by changing transaction amount or leave it as it is by marking “Information is correct”? ... This is confusing. Please assist.,"Faced with an e-campaign property entry, the user is paralyzed about which feedback radio button to choose.",none,High,Replace the cryptic AIS feedback options with a guided decision tree that maps the user's real situation to the correct response label.,Yes
qna.tax,How to submit feedback for Income Tax e-Campaign?,https://qna.tax/t/how-to-submit-feedback-for-income-tax-e-campaign/3579,2023-12-29,notices,"I recently received a message from the Income Tax Department regarding high-value transactions not aligning with my filed Income Tax Return for the Assessment Year 2023-24. ... I’ve paid only a 10% down payment for an under-construction residential property, and the remaining amount will be paid after securing a loan next year upon possession. ... I want to provide accurate feedback on the Compliance Portal, but I’m unsure about the specifics.",User got a high-value-transaction notice for a part-paid under-construction flat and can't figure out the right feedback values.,none,Med,Offer notice-specific walkthroughs (e.g. part-paid property) that compute the amount to enter for transaction value and amount assigned.,Yes
qna.tax,How to submit feedback for Income Tax e-Campaign?,https://qna.tax/t/how-to-submit-feedback-for-income-tax-e-campaign/3579,2023-12-31,notices,my father sold property last FY in which i was the joint holder although i had given affidavit that I don’t need any percentage from sale proceeds still I got AIS feedback notice. What reply shall I give?,A nominal joint holder with no share of proceeds still gets pulled into an AIS feedback notice and doesn't know how to respond.,none,Med,"Detect joint-ownership property entries and guide the user to attribute the amount to the correct PAN, defaulting non-owners to zero.",Yes
qna.tax,How to submit feedback for Income Tax e-Campaign?,https://qna.tax/t/how-to-submit-feedback-for-income-tax-e-campaign/3579,2023-12-26,AIS_mismatch,The property deed had all 3 names but payment was completely from my side. But AIS for my mother and brother shows High Value Transaction as well with 1/3rd of property amount across all 3 of us. ... Should I mark information as incorrect and change amount assigned to 0 or mark it information relates to other Pan(my PAN)? Please guide,"AIS splits a property value across all co-owners regardless of who paid, and the user can't decide between two correction paths.",none,High,"For co-owned property AIS rows, ask who actually funded the purchase and auto-generate the correct per-PAN amount-assigned feedback.",Yes
qna.tax,Income tax for NRIs | How are NRIs taxed in India? | Taxation for NRIs,https://qna.tax/t/income-tax-for-nris-how-are-nris-taxed-in-india-taxation-for-nris/6636,2024-07-18,NRI,"I realized that the number of days in India to be considered a resident has been changed to 120 days rather than 182 days. So, does that qualify me as an NRI for FY24-25 if I leave the country mid-September? However, the residential status calculator on quicko still considers me an NRI with the current scenario as it has the threshold as 182 days.",Conflicting 120-day vs 182-day residency thresholds leave the user unsure of their own residential status.,Quicko,Med,Provide a residency calculator that applies the correct day-threshold to the user's exact income profile and explains which rule applies and why.,Yes
qna.tax,Income tax for NRIs | How are NRIs taxed in India? | Taxation for NRIs,https://qna.tax/t/income-tax-for-nris-how-are-nris-taxed-in-india-taxation-for-nris/6636,2025-02-06,NRI,how taxation will applicable in 2025 for Indian earning 1. rent from house/flat say around 5L 2. Short-term gain from sale of stock/ shares let say 6L 3. long-Term gain from sale of stock /share let say 8L 4. long term gain by sale of property say 20L In those condition how taxation apply for (NRO) Indian residency working in aboard ? (staying more than 200 days in aboard),"NRI with mixed rental, capital-gains and property income can't piece together how each head is taxed for him.",none,Med,"Generate a per-income-head tax breakdown for NRIs (rent, STCG, LTCG, property) showing rates, exemptions and applicable TDS in one summary.",Yes
qna.tax,How are profits from intraday and F&O trading taxed?,https://qna.tax/t/how-are-profits-from-intraday-and-f-o-trading-taxed/3623,2026-05-05,CG_FnO,If my total taxable income ( after 80C deduction ) is less than 5 lacs do still i have to pay LTCG ? LTCG: 376435 Business Income ( FnO ) : 257102.5 80C investment: 1.5 lacs After 1.5 deduction my total income comes under 5 lacs. So do i have to pay any taxes ? Or LTCG calculated saperatly ?,User assumes the basic-exemption/rebate covers everything and doesn't realize LTCG is taxed separately at special rates.,none,High,"When special-rate income exists, the tax summary must visibly separate slab income from LTCG/STCG and show that rebate/exemption does not erase special-rate tax.",Yes
qna.tax,How are profits from intraday and F&O trading taxed?,https://qna.tax/t/how-are-profits-from-intraday-and-f-o-trading-taxed/3623,2026-05-05,CG_FnO,"now I’ve also started to trade in Equity (Swing Trading). But I’m confused , should i show the income from swing to STCG or I can show them in my PGPB head (with other business i,e. Intrady, F&O etc.)? I’m doing frequent swing trading though. Please advice.","User can't decide whether frequent swing trades are capital gains or business income, which changes the ITR form and tax.",none,High,"Offer a classifier that, based on holding period and frequency, recommends capital-gains vs business treatment and the resulting ITR form.",Yes
qna.tax,How are profits from intraday and F&O trading taxed?,https://qna.tax/t/how-are-profits-from-intraday-and-f-o-trading-taxed/3623,2026-05-05,CG_FnO,"I am an individual pensioner and doing only F&O option trading I have losses for the FY Can i set of the loss against interest earned on SB and FDR for thr FY Is F&O trading or F&O option trading speculative or non speculative. In ITR3 in which schedule should i fill the figures of turnover, profit and loss. Should i fill where it is provided books not maintained as turnover is less than 10Cr","Pensioner trader is lost on loss set-off rules, speculative classification, and exactly which ITR-3 schedule to fill.",none,High,"Guide F&O users to the exact ITR-3 schedule (Schedule BP), auto-apply set-off rules, and surface the no-books-of-account option when turnover is under the audit limit.",Yes
qna.tax,How are profits from intraday and F&O trading taxed?,https://qna.tax/t/how-are-profits-from-intraday-and-f-o-trading-taxed/3623,2026-05-05,CG_FnO,"I had added money in my zerodha account last financial year. Due to quaterly settlement which happened this financial year , my unused funds have been given back in my account. Will I have to pay taxes to government as these settled funds would be counted in my income for this financial year ?",User fears that broker quarterly settlement of his own unused funds will be taxed as fresh income.,Zerodha (broker),Med,Clarify in the trading-income flow that broker fund settlements/withdrawals are not income—only realized gains are taxed.,Yes
qna.tax,How are profits from intraday and F&O trading taxed?,https://qna.tax/t/how-are-profits-from-intraday-and-f-o-trading-taxed/3623,2026-05-05,freelancer,"I am trading full-time for the past 9 months after quitting my job. ... can I declare it under business income of 5.8 Lakhs. I have also done a belated transfer of 2.25 Lakhs to my wife as salary (past 9 months *25000/month) yesterday (apr 6). Because accrual basis is followed in accounting statements in general, can I deduct this 2.25 lakhs paid to wife as an expense in FY23 and pay tax on 3.55 Lakhs only?",Full-time trader treating activity as a business is unsure what counts as a deductible expense and how accrual timing works.,none,Med,"When users elect business treatment, provide an allowable-expenses checklist with timing/accrual guidance so they don't over- or under-claim.",Yes
qna.tax,"How are gifts taxed in India? | Tax on gifted shares, gold and property",https://qna.tax/t/how-are-gifts-taxed-in-india-tax-on-gifted-shares-gold-and-property/3725,2023-05-02,other,"I recently received shares via transmission on death of my grandfather. The value of shares is a lot higher than my yearly income. How to show these shares in my income tax return? I know that there is no inheritance tax, but If I sell them, it will be shown on AIS (Annual Information Statement) too, so there would be chances of a query, so to avoid that, is there any way I could declare this while filing my ITR itself?",User who inherited high-value shares fears an AIS-triggered query and wants to pre-empt it during filing but doesn't know how.,none,Med,"Add an inheritance/gift disclosure helper that explains what to report now vs at sale, and what AIS will show, to reduce scrutiny anxiety.",Yes
qna.tax,"How are gifts taxed in India? | Tax on gifted shares, gold and property",https://qna.tax/t/how-are-gifts-taxed-in-india-tax-on-gifted-shares-gold-and-property/3725,2023-03-18,other,I am planning to gift shares via offline transfer to my spouse using cdsl easiest portal . Experts pls answer the below: ... what is income that has to be reported by my spouse while filing. Is it depending on the market price as on transaction date of gift transfer OR the aquisation price by me OR FMV on transaction date ? ... what is the “reason for trade” given in cdsl easiest. Is it “gifting” OR “transfer to specified member in family” ?,"User gifting shares to spouse is unsure what value to report, how clubbing works, and which transfer reason avoids stamp duty.",none,Med,"Provide a gift-of-shares helper that explains cost-of-acquisition carryover, clubbing of gains, and how to report the transaction in the ITR.",Yes
qna.tax,"How are gifts taxed in India? | Tax on gifted shares, gold and property",https://qna.tax/t/how-are-gifts-taxed-in-india-tax-on-gifted-shares-gold-and-property/3725,2023-06-09,CG_FnO,I received some shares from my father long time back as gift which I sold them recently. Should this profit be added to my business income and tax paid according to the tax slab 30%? Or should I consider this as LTCG and just pay 10% of profit (above 1Lak) as tax? My doubt is whether this specific gift profit can be treated NOT as business gains but as capital gains so that just 10% LTCG tax can be paid on it.,A trader who reports everything as business income can't tell if gifted-share sale should instead be lower-taxed LTCG.,none,Med,Let users tag specific holdings (e.g. gifted/inherited) so the engine can apply capital-gains treatment separately from their trading business income.,Yes
qna.tax,"How are gifts taxed in India? | Tax on gifted shares, gold and property",https://qna.tax/t/how-are-gifts-taxed-in-india-tax-on-gifted-shares-gold-and-property/3725,2023-02-20,other,"so . it does not affect the buyer or seller whether the offline-transaction happened at a premium price or at a discount price ? but , then , this is a loophole in the system ! one might sell the shares in offline at a discount price (of the current online market price) to save the tax and settle the discounted money in cash (black money) ! is this so ? or am i missing something ?","User is confused about how off-market share transfers are valued and taxed, suspecting the rules don't add up.",none,Low,"Explain off-market transfer taxation (higher rates, no STT, FMV basis) inline when a user reports such a transaction from their AIS.",Yes
qna.tax,How is tax calculated when you switch jobs?,https://qna.tax/t/how-is-tax-calculated-when-you-switch-jobs/6200,2024-12-31,other,Great Explanation. So once the job switch and the required tax is paid for that FY. What would be the tax payable from next FY based on the above example of new salary with 100000 pm,"After learning about double-counted deductions across two employers, the user is unsure how next year's tax will be computed.",none,Med,"When two Form 16s are detected, consolidate salary once, flag the shortfall from duplicated standard-deduction/80C, and show the self-assessment tax due.",No
Reddit (r/IndiaInvestments),Do you use Cleartax or Quicko for ITR filing?,https://www.reddit.com/r/IndiaInvestments/comments/htayl6/do_you_use_cleartax_or_quicko_for_itr_filing/,2020,portal,"But i had trouble understanding the form on ITD, as neither me nor any of my family members have such tax or finance related background. It was easy and quick when i used Quicko for filing another ITR.",Non-finance users find the official income tax portal's ITR form incomprehensible and switch to third-party tools just to understand it (quote from DuckDuckGo search-result excerpt; Reddit blocked direct fetch).,Quicko/ClearTax,High,LastMinute ITR should translate the portal's cryptic field labels into plain-language guidance so non-experts can follow along on incometax.gov.in itself.,Yes
Reddit (r/IndiaInvestments),Which tax software are you going to use this year to file ITR?,https://www.reddit.com/r/IndiaInvestments/comments/1dfvax3/which_tax_software_are_you_going_to_use_this_year/,2024,portal,"Mainly direct income tax website, with help from kind folks on YouTube who explain each section & the nuances, esp. for Capital gains -LTCG & STCG & Dividends. Last year I used clear tax to import all salary/deduction/equity information to generate tax report. Used the figures from the report to fill sections directly on income tax website.","Users cobble together YouTube tutorials plus a paid tool to generate figures, then manually re-enter them into the official portal (quote from DuckDuckGo search-result excerpt; Reddit blocked direct fetch).",ClearTax,High,"Provide an in-context, section-by-section walkthrough that gives the exact numbers to type into each portal field, replacing scattered YouTube guidance.",Yes
Reddit (r/IndiaInvestments),Got my Form16 and ready to file taxes. Any good software that...,https://www.reddit.com/r/IndiaInvestments/comments/1dorr1l/got_my_form16_and_ready_to_file_taxes_any_good/,2024,CG_FnO,I have just 300 rs of STCG. Do I still need to file ITR2?,Even a tiny capital gain creates confusion about whether the user must move from the simple ITR-1 to the more complex ITR-2 (quote from DuckDuckGo search-result excerpt; Reddit blocked direct fetch).,Quicko/ClearTax,Med,Auto-detect any capital gains during reconciliation and clearly tell the user which ITR form they are now required to file and why.,Yes
Reddit (r/IndiaInvestments),ITR-2 filing is easy. You can do it on your own.,https://www.reddit.com/r/IndiaInvestments/comments/k9tdfu/itr2_filing_is_easy_you_can_do_it_on_your_own/,2020,CG_FnO,"If I have a monthly salary coming in from my job and have dividend income from stocks plus capital gains, which ITR form should I use ITR 2 or 3? This post describes iTR2, but I remember reading it on Zerodha help that it should be ITR 3.",Conflicting advice across sources leaves salaried investors unsure whether dividends and capital gains require ITR-2 or ITR-3 (quote from DuckDuckGo search-result excerpt; Reddit blocked direct fetch).,none,High,Use a short guided questionnaire on income sources to deterministically pick the correct ITR form and explain why F&O vs dividends changes the answer.,Yes
Reddit (r/IndiaInvestments),Common mistakes while filing your own ITR,https://www.reddit.com/r/IndiaInvestments/comments/j9nbmq/common_mistakes_while_filing_your_own_itr/,2020,CG_FnO,showing capital gains in the wrong places: equity and liquid funds need to be declared in different places. domestic equity where STT has been paid gets declared at From sale of equity share or unit of equity oriented Mutual Fund (MF) or unit of a business trust on which STT and debt / liquid / foreign stocks go to From sale of assets other...,"Users routinely enter capital gains in the wrong schedule because equity, debt, and foreign assets each have separate, confusingly named fields (quote from DuckDuckGo search-result excerpt; Reddit blocked direct fetch).",none,High,Classify each capital-gains line item by asset type and tell the user the exact schedule/field name to use on the portal to avoid misplacement.,Yes
Reddit (r/personalfinanceindia),How to learn to file your own ITR?,https://www.reddit.com/r/personalfinanceindia/comments/1ber4cg/how_to_learn_to_file_your_own_itr/,2024,other,"I want to learn to file my own ITR. My income involves stocks, mutual funds, US stocks, salary and RSUs. I understand the basics of how much each component is taxed but it still feels a bit overwhelming. Are there any learning resources catered for Indians?","Users with multiple income types (RSUs, US stocks, MFs, salary) feel overwhelmed and lack a structured way to learn self-filing (quote from DuckDuckGo search-result excerpt; Reddit blocked direct fetch).",none,High,"Offer a confidence-building, progressive walkthrough that breaks a complex multi-source return into ordered, digestible steps.",No
Reddit (r/personalfinanceindia),Tax paid in initiated status help!,https://www.reddit.com/r/personalfinanceindia/comments/15dl5ld/tax_paid_in_initiated_status_help/,2023,portal,I paid tax from bank during filing of ITR. it's been a day and it is showing as PAYMENT INITIATED. I can't see the BSR code and challan details to add to submit ITR. Is there a way to complete tax filing? Without challan details?,A stuck 'payment initiated' state with missing BSR/challan details blocks the user from completing their return (quote from DuckDuckGo search-result excerpt; Reddit blocked direct fetch).,none,High,Guide users through where to find challan/BSR details under e-Pay Tax payment history and warn them to wait/verify before re-paying.,Yes
Reddit (r/personalfinanceindia),Paid Tax Liability but not reflecting in portal,https://www.reddit.com/r/personalfinanceindia/comments/1dpka8c/paid_tax_liability_but_not_reflecting_in_portal/,2024,portal,"So I was filling Income Tax Return of my father and at the end, I paid my total tax liability of Rs. 13,460/- through UPI scanner. But soon as I made the payment, it did show that the payment was success but didn't redirect me back to the income tax portal.","Payment succeeds but the portal fails to redirect/reflect it, leaving the user unsure if their tax was actually recorded (quote from DuckDuckGo search-result excerpt; Reddit blocked direct fetch).",none,High,"Detect tax-payment steps and tell users to verify payment under e-Pay Tax / 26AS before assuming failure, with timing expectations for credit.",Yes
Reddit (r/personalfinanceindia),ITR refund,https://www.reddit.com/r/personalfinanceindia/comments/177vfyj/itr_refund/,2023,refund,"As the title suggests, i am still waiting for the refund from IT dept. It's miniscule (4k) and watching every other person receiving their refund, it is making me nervous. Can someone help me with what could be the reason for such delay?",Users get anxious when their refund lags behind everyone else's and have no insight into the cause of the delay (quote from DuckDuckGo search-result excerpt; Reddit blocked direct fetch).,none,High,"Surface a post-filing refund-status checklist (e-verify, bank validation, AIS mismatch) so users can self-diagnose delays instead of worrying.",Yes
Reddit (r/personalfinanceindia),ITR not processed since May.,https://www.reddit.com/r/personalfinanceindia/comments/15wgqyg/itr_not_processed_since_may/,2023,refund,"Please help. I filled my ITR in May. I am supposed to receive a decent amount of return, but haven't received anything as yet. Is there anything I can do about this? Status shows Return Processing.",A return stuck on 'Return Processing' for months leaves the user not knowing whether action is needed (quote from DuckDuckGo search-result excerpt; Reddit blocked direct fetch).,none,High,Explain what each ITR status means and when 'under processing' warrants raising an e-Nivaran grievance versus simply waiting.,Yes
Reddit (r/personalfinanceindia),Itr refunds issue,https://www.reddit.com/r/personalfinanceindia/comments/15f6s4f/itr_refunds_issue/,2023,refund,What can one do if their bank account is not getting validated on the Income tax portal for more than 2 weeks? Is there anyway one can reach out to someone and get things moving or it's left on an unknown's mercy.,Bank-account validation failures stall refunds and the user feels there is no clear recourse (quote from DuckDuckGo search-result excerpt; Reddit blocked direct fetch).,none,High,"Prompt users to pre-validate their bank account early in the flow and flag common validation failure causes (PAN-name mismatch, IFSC after merger).",Yes
Reddit (r/personalfinanceindia),New vs old tax regime,https://www.reddit.com/r/personalfinanceindia/comments/1cljo05/new_vs_old_tax_regime/,2024,regime,"Hello, my employer is asking me to choose between old or new tax regime, need advice on which to pick. Current salary - 4.98 lpa. Home loan -1,63,20...","Users are forced to pick a regime without understanding how their deductions (home loan, etc.) change the math (quote from DuckDuckGo search-result excerpt; Reddit blocked direct fetch).",none,High,Compute and display a clear old-vs-new side-by-side tax number using the user's actual deductions so the choice is data-driven.,Yes
Reddit (r/personalfinanceindia),Help required for choosing tax regime,https://www.reddit.com/r/personalfinanceindia/comments/1c22by6/help_required_for_choosing_tax_regime/,2024,regime,I called a CA and he told me to choose new regime and just show the rent. But when I check in Google it says HRA tax exemption is only applicable in old regime.,"Users get contradictory advice (CA vs Google) on whether HRA can be claimed under the new regime, eroding trust in any single source (quote from DuckDuckGo search-result excerpt; Reddit blocked direct fetch).",none,High,Make regime comparison explicitly show which deductions (e.g. HRA) are disallowed under the new regime so users see the real trade-off.,Yes
Reddit (r/personalfinanceindia),Old vs new regime,https://www.reddit.com/r/personalfinanceindia/comments/1c5ayx0/old_vs_new_regime/,2024,regime,"When filing your ITR, you can try filling out the forms once in each regime, before you submit one of them. Most of the time, the new regime is slightly better but you'll get to see the actual numbers yourself this way :)","The only reliable way users find to compare regimes is to fill the entire return twice, which is tedious and error-prone (quote from DuckDuckGo search-result excerpt; Reddit blocked direct fetch).",none,Med,Auto-run both regime calculations in one pass so users never have to manually re-enter the whole return twice to compare.,Yes
Reddit (r/personalfinanceindia),Next steps?,https://www.reddit.com/r/personalfinanceindia/comments/18qmoij/next_steps/,2023,notices,"Today I received an email from income tax compliance ( email looks legit though) subject says: e-campaign non filers for AY 2023-2024. Screenshot of email I left India in 2019, I haven't filed IT from FY 2020-2021 since I had no income from April 2019.",An NRI non-filer panics on receiving a compliance/non-filer notice and is unsure how to respond or whether it's genuine (quote from DuckDuckGo search-result excerpt; Reddit blocked direct fetch).,none,High,"Provide a 'received a notice?' guide that helps users identify the notice type and the correct response path, including for NRIs with no Indian income.",Yes
Reddit (r/personalfinanceindia),Freelancer Income Tax,https://www.reddit.com/r/personalfinanceindia/comments/1cnus7m/freelancer_income_tax/,2024,freelancer,"So I guess I can't file ITr-4 I should file ITR-3. Can I still opt for Presumptive Taxation? (44ada). I was earlier receiving all the income on my personal bank account (savings). I just opened a new savings account so that I receive all my income there, do business expenses there. Is it good?",Freelancers are confused about whether they can use ITR-4 with 44ADA presumptive taxation or are forced into ITR-3 (quote from DuckDuckGo search-result excerpt; Reddit blocked direct fetch).,none,High,"Add a freelancer 44ADA path that checks eligibility (receipts, profession, 50% threshold) and routes them to ITR-4 vs ITR-3 with a plain explanation.",Yes
Reddit (r/personalfinanceindia),"I've been offered a job as contractor, confused how 44ADA works",https://www.reddit.com/r/personalfinanceindia/comments/15az912/ive_been_offered_a_job_as_contractor_confused_how/,2023,freelancer,"44ADA is for Professionals. Before claiming benefits under this section, first, check if you fall into the list of professionals as notified by the Income Tax Department. The basic crux is if you have gross sales of 50 lakhs or less, you could claim 50% of the sales amount as your income from Business. This is called Presumptive Taxation where you can file an ITR without maintaining any books.",New contractors don't know if their work qualifies as a 'notified profession' for 44ADA and how presumptive income actually works (quote from DuckDuckGo search-result excerpt; Reddit blocked direct fetch).,none,High,Include a 44ADA eligibility checker that confirms whether the user's profession is notified and previews the 50% presumptive income calculation.,Yes
Reddit (r/india),Help with filing Income tax return (ITR 2),https://www.reddit.com/r/india/comments/8xwv7i/help_with_filing_income_tax_return_itr_2/,2018,NRI,"I was outside india for a few months in last financial year and hence my income outside india is added to my taxable income. My company says i need to file Itr 2 and Form 67. I tried to file it myself, but Clear tax shows I owe 1.4L as income tax while Income tax india excel is damn confusing...",Users with foreign income face Form 67 / ITR-2 complexity and get different tax figures from a tool versus the confusing official utility (quote from DuckDuckGo search-result excerpt; Reddit blocked direct fetch).,ClearTax,High,"Support foreign-income/residency edge cases (Form 67, DTAA) and reconcile against the official portal so figures don't silently diverge from a tool.",Yes
Reddit (r/india),Is the new ITR site ready for filing or are there still any issues?,https://www.reddit.com/r/india/comments/p2uy8h/is_the_new_itr_site_ready_for_filing_or_are_there/,2021,portal,"Because of this upgrade to the Income Tax dept system, I can't even file my taxes from cleartax. They're asking us to download a json and file it directly if it's that urgent. ""Dear Tax Filer, The Income Tax Dept has not enabled ITR filing for ERIs like Cleartax yet. We are awaiting the IT Dept to update their systems for CPC 2.0.""","When third-party ERIs can't file, users are forced to download JSON and upload directly to the portal but don't know how (quote from DuckDuckGo search-result excerpt; Reddit blocked direct fetch).",ClearTax,High,"Since LastMinute ITR guides on the official portal directly, lean into the JSON-import/manual filing path so users aren't blocked by ERI outages.",Yes
Reddit (r/india),Need help with a Query regarding ITR filing,https://www.reddit.com/r/india/comments/154oibc/need_help_with_a_query_regarding_itr_filing/,2023,other,I attempted at filing my ITR and towards the end it displays that I have to pay an additional 1.09 Lakh tax liability. Context: I switched jobs last year and got a 130% hike in January. Basically from April 2022-Dec 2022 I was on a salary below 10lakh and from January 2023 onwards I moved to a salary of 20+ lakh.,"Job switchers are shocked by a large extra tax demand because both employers gave full exemptions/slab benefits, double-counting deductions (quote from DuckDuckGo search-result excerpt; Reddit blocked direct fetch).",none,High,"When two Form 16s are detected, warn about duplicated exemptions and pre-compute the likely additional liability before the user reaches the final step.",No
Reddit (r/personalfinanceindia),Paytm Rent Pay Through credit card : will reciever incur taxes or notice?,https://www.reddit.com/r/personalfinanceindia/comments/15hpoi8/paytm_rent_pay_through_credit_card_will_reciever/,2023,AIS_mismatch,"It will be linked with your PAN and you have to pay the tax on it. Check AIS from ITR portal, it will have all the amount, tax rate is of your current slab after adding 70% of total rent that you received. 30% rent you can show as house maintenance.","Users discover income (e.g. rent received) already captured in AIS that they hadn't planned to report, and worry about mismatches and notices (quote from DuckDuckGo search-result excerpt; Reddit blocked direct fetch).",none,Med,Pull and surface all AIS-reported income up front so users reconcile every PAN-linked entry before filing and avoid under-reporting.,Yes
Reddit (r/personalfinanceindia),"Startup didn't cut tax from salary, how to do it myself?",https://www.reddit.com/r/personalfinanceindia/comments/1bumjvi/startup_didnt_cut_tax_from_salary_how_to_do_it/,2024,AIS_mismatch,"Just find out what your tax dues are. If you have dues, pay them during the filing. A minor amount of interest may be charged so do it right away and don't wait till July. If there are no dues, there's no tax to be paid. Check your Form 26AS to check what you've been paid for the year and what taxes were deducted by an earlier employer, if any.","When an employer doesn't deduct/deposit TDS, users must reconcile 26AS themselves to figure out what was actually paid and what they still owe (quote from DuckDuckGo search-result excerpt; Reddit blocked direct fetch).",none,Med,Reconcile salary against 26AS TDS entries and flag missing/short TDS so users can pay self-assessment tax before filing instead of getting a later demand.,Yes
ClearTax,Resolving Mismatches Between the TDS Statement and Form 26AS,https://cleartax.in/s/tds-mismatch-rectification,unknown,AIS_mismatch,"What happens if form 16 and 26AS do not match? Once you compare the forms and identify the error, you must inform the person responsible for deducting TDS from your income, i.e. your employer.",Users don't know why Form 16 and 26AS show different TDS and that only the deductor (not they) can fix it.,ClearTax,High,Auto-diff Form 16 vs 26AS TDS line-by-line and clearly tell the user which mismatches need an employer/deductor correction vs a self-rectification.,Yes
ClearTax,"26AS Reconciliation: Steps, Mismatches & How to Fix Them",https://cleartax.in/s/26as-reconciliation,2026-04-29,AIS_mismatch,"What should I do if TDS deducted is not showing in 26AS? If the TDS deducted is not showing in 26AS, then contact the deductor to file a TDS return correction. However, you can go ahead and claim such TDS not appearing in 26AS, as long as it appears in Form 16A.","Users are unsure whether they can claim TDS that is in Form 16A but missing from 26AS, and how long corrections take to reflect.",ClearTax,High,Show a reconciliation status per TDS entry (in 26AS / in Form 16A only / missing) with guidance on whether it is safe to claim now and an estimated correction timeline.,Yes
ClearTax,Old vs New Tax Regime For FY 2025-26: Which Regime is Better for you?,https://cleartax.in/s/old-tax-regime-vs-new-tax-regime,unknown,regime,"The question of which tax regime is better depends on the taxpayer's income, exemptions & deductions limit, and the final tax savings that a taxpayer makes.",Users cannot tell which regime saves them more without computing a deduction breakeven for their specific income level.,ClearTax,High,"Run a live old-vs-new side-by-side using the user's reconciled data, highlight the winner, and show how many more rupees of deductions would flip the recommendation.",Yes
ClearTax,F&O Taxation in India: Everything an F&O Trader Should Know About Return Filing,https://cleartax.in/s/fo-trader-return-filing,2026-04-02,CG_FnO,F&O traders commonly get confused about tax audit applicability. Let us break down the tax provisions.,"F&O traders don't understand turnover calculation, which ITR form applies, and when a tax audit is triggered.",ClearTax,Med,"Detect F&O/intraday rows in AIS and surface a plain-language audit-applicability checker (turnover, profit %, ITR-3 requirement) so users know if they need a CA before filing.",Yes
ClearTax,ITR Filing Plans and Pricing | CA Assisted Income Tax Filing | ClearTax Pricing,https://cleartax.in/s/pricing/,unknown,other,"Can we file ITR without CA? Yes, you can file your ITR without a CA via our DIY plans.","Users are unsure whether they need to pay for a CA-assisted plan or can safely self-file, and which plan their income demands.",ClearTax,High,"Position LastMinute ITR as the confident free self-file companion: based on reconciled income complexity, tell users explicitly when their case is simple enough to self-file vs when a CA is genuinely warranted.",Yes
TaxBuddy,Section 143(1) Intimation vs Income Tax Notice,https://www.taxbuddy.com/blog/section-1431-intimation-vs-income-tax-notice-taxbuddy,unknown,notices,"Many taxpayers confuse this preliminary computation sheet with an actual income tax notice, even though the two serve different purposes.","Users panic and confuse a routine 143(1) intimation with a scrutiny notice, not knowing whether action is required.",TaxBuddy,High,Add a calm 'decode your intimation' helper that classifies a 143(1) as no-action / refund / demand and explains the difference from a real scrutiny notice.,Yes
TaxBuddy,Can We Switch Between Old and New Tax Regime Every Year?,https://www.taxbuddy.com/blog/can-we-switch-between-old-and-new-tax-regime-every-year,2025-05-28,regime,"Is it possible to switch tax regimes while submitting an ITR? How frequently can I do it, if at all?",Users are confused about whether they can change regime each year and the Form 10-IEA / once-in-a-lifetime rule for business income.,TaxBuddy,High,"When recommending a regime, tell the user if/when Form 10-IEA is needed and warn business-income users about the once-in-a-lifetime switch-back restriction.",Yes
TaxBuddy,NRE & NRO Accounts: A Comprehensive Guide for Taxpayers,https://www.taxbuddy.com/blog/nre-nro-accounts,unknown,NRI,"When she examined her 26AS, she discovered a TDS item for Rs. 30,900 that indicated her interest income in the NRO account had been deducted... X would have to get a reimbursement for the TDS withheld from her interest income.",NRIs don't realise NRO interest gets 30.9% TDS and that they must file an ITR just to claim that TDS back.,TaxBuddy,Med,"For users with NRO/NRE TDS in 26AS/AIS, flag refund-eligible high-rate TDS and guide them through claiming it, with NRE-interest exemption handled automatically.",Yes
TaxBuddy,"Annual Information Statement (AIS): What is AIS, How to Check, Download, Password Format, Feedback",https://www.taxbuddy.com/blog/what-is-ais-and-how-to-download-annual-information-statement-ais,2026-04-01,AIS_mismatch,"What to do if there is an error in AIS or Form 26AS? ... it is crucial to address it promptly to avoid implications of underreporting income, which could lead to penalties and interest charges.",Users don't know how to submit AIS feedback for wrong/duplicate entries or what happens if they ignore the error.,TaxBuddy,High,Let users flag suspicious AIS entries (duplicate / not mine / wrong amount) inside the app and generate step-by-step AIS-feedback instructions for the portal.,Yes
TaxBuddy,How TaxBuddy Makes Capital Gains Reporting Seamless for Investors,https://www.taxbuddy.com/blog/how-taxbuddy-makes-capital-gains-reporting-seamless-for-investors,unknown,CG_FnO,"Reconciling this data manually means: Opening multiple portals and downloading separate reports, Matching transaction dates across platforms, Calculating the cost of acquisition for each trade... This process typically takes hours for a moderate portfolio and may result in mistakes that trigger income tax notices.","Investors with multiple brokers struggle to consolidate trades, compute cost of acquisition/holding period, and classify STCG vs LTCG vs business income.",TaxBuddy,Med,"Help users import/parse broker P&L and AIS capital-gains data, auto-classify STCG/LTCG/business income, and reconcile it against AIS before they enter Schedule CG on the portal.",Yes
Tax2Win,How to Check Your Income Tax Return (ITR) Status Online,https://tax2win.in/guide/how-to-check-if-my-itr-is-filed-with-income-tax-department,2026-06-16,refund,How can you be sure that the return you filed has actually reached the Income Tax Department?,"Users don't understand the many ITR/refund status labels (e.g. 'processed, refund determined and sent to refund banker' vs 'refund failed') and what each requires from them.",Tax2Win,High,"Provide a plain-language status tracker that maps each portal status to what it means and the next action (e-verify, validate bank, raise reissue), instead of cryptic department wording.",Yes
Tax2Win,Section 44ADA: Presumptive Tax Scheme for Professionals,https://tax2win.in/guide/section-44ada,2026-06-12,freelancer,Presumptive taxation means the government presumes your income to be a certain percentage of your gross receipts (total earnings) instead of requiring you to maintain detailed accounting records and claim individual business expenses.,"Freelancers/professionals don't know if they qualify for 44ADA, the 50% rule, the 50L/75L digital-receipts limit, or when an audit/books are forced.",Tax2Win,High,"Offer a 44ADA eligibility wizard for freelancers that checks profession type and gross receipts, shows the 50% presumptive figure, and warns when declaring under 50% forces audit/books.",Yes
Tax2Win,Which ITR Form Should You File in FY 2025-26? | Types of ITR Forms Explained,https://tax2win.in/guide/itr-forms,2026-06-08,portal,Choosing the right ITR form is important to ensure accurate filing and avoid processing issues.,"Users can't confidently decide between ITR-1/2/3/4 based on their mix of salary, capital gains, business and house-property income.",Tax2Win,High,Derive the correct ITR form automatically from the user's reconciled income heads and explicitly warn when small capital-gains or business entries push them off ITR-1 to avoid 139(9) defective notices.,Yes
Tax2Win,What is Tax Demand Intimation? How to Respond to Income Tax Notice Under Section 143(1)?,https://tax2win.in/guide/income-tax-notice-us-143-1,2026-06-09,notices,"This intimation is sent when the Income Tax Department finds small errors while processing your ITR, for example, excess deduction claimed, reporting in the incorrect schedule, using the incorrect ITR form, or even failing to claim a deduction that you might be eligible for.","Users who receive a 143(1) demand don't know whether to pay, file rectification u/s 154, or respond to the demand within 30 days.",Tax2Win,High,"When a demand-type 143(1) is detected, branch the user into pay / rectify (154) / respond-to-demand flows with deadline reminders and the exact mismatch that caused it.",Yes
Quora,"Why is my ITR-2 refund still showing as under processing, filed on 27th June 2023?",https://www.quora.com/Why-is-my-ITR-2-refund-still-showing-as-under-processing-filed-on-27th-June-2023,unknown,refund,"Yes, I filed for my wife on 30 jun 24. Basic income. Filed to claim TDS of just 13 thousand. Still under processing. Last year it was processed in 48 hours and refund issued.",Real filers with simple TDS-refund returns are anxious that processing is stuck for months with no explanation or visibility.,none,High,"Set realistic refund-timeline expectations, detect common stall causes (un-verified return, unvalidated bank, AIS mismatch), and nudge the user to fix them or raise a grievance instead of silently waiting.",Yes
qna.tax,Old vs new regime: How to decide which tax regime will save more? | Breakeven points for FY 2025-26?,https://qna.tax/t/old-vs-new-regime-how-to-decide-which-tax-regime-will-save-more-breakeven-points-for-fy-2025-26/8595,2025 (FY 2025-26),regime,"In my opinion, old regime is dead (for most of us). Think of a taxpayer earning Rs 12 lakh, they would need Rs 6.5 lakh in deductions just to keep pace with the new regime. That's a tall ask.",Users can't tell which regime actually saves them money without manually running both calculations against a moving breakeven.,Quicko (forum host),High,"Auto-compute both regimes side-by-side from imported income/deductions and show the rupee difference + personalized breakeven, not generic advice.",Yes
qna.tax,Old vs new regime: Which is better for you? | Breakeven points for FY 2023-24,https://qna.tax/t/old-vs-new-regime-which-is-better-for-you-breakeven-points-for-fy-2023-24/5650,2024 (FY 2023-24),regime,"As you have income from business/profession, to switch to the old regime (as the new regime is made default), you will have to file form 10-IEA. To avoid the hassle, you can file under the new regime.",New regime being default plus the Form 10-IEA opt-out (and one-time switch rule for business income) confuses people into the wrong regime.,Quicko (forum host),High,Detect business/profession income and surface the Form 10-IEA implication + 'switch only once' warning before the user locks a regime.,Yes
qna.tax,Why your ITR is still not processed?,https://qna.tax/t/why-your-itr-is-still-not-processed/9622,2025-11-10,refund,"It's been weeks, even months since you filed your ITR... it still shows 'Under Processing.' This is the case for nearly 1.29 crore taxpayers. And I understand, this can be confusing and frustrating at the same time.",Returns stuck on 'Under Processing' for months with no visibility into why or when it will clear.,Quicko (forum host),High,"Show a processing-stage tracker with likely cause (verification pending, revised return restart, big-refund scrutiny) and an ETA band instead of a single opaque status.",Yes
qna.tax,Filed your ITR? Here's what to do next,https://qna.tax/t/filed-your-itr-here-s-what-to-do-next/10038,2025,refund,"Your bank account must be successfully validated and nominated for refund before the return is processed... If your account validation fails, your refund will not be credited.","People assume filing is done, then lose their refund to un-verified returns or un-validated/un-nominated bank accounts.",Quicko (forum host),High,Post-file checklist that hard-blocks 'done' until e-verification + bank pre-validation + refund nomination are all confirmed green.,Yes
qna.tax,Filed your ITR? Here's how to track your refund | Tax Q&A Digest #58,https://qna.tax/t/filed-your-itr-here-s-how-to-track-your-refund-tax-q-a-digest-58/9690,2025,refund,"If you're expecting a refund, we know you're probably refreshing your inbox (and bank app) already. But there's a better way to track it.",Anxiety-driven manual refreshing of inbox/bank app because there's no proactive refund status.,Quicko (forum host),Med,Push notifications on each refund milestone (processed / refund determined / issued / credited) so users stop manually checking.,Yes
qna.tax,Still haven't received your ITR refund? Here's how much interest you'll receive,https://qna.tax/t/still-haven-t-received-your-itr-refund-heres-how-much-interest-youll-receive/5215,2023,refund,"You're checking your bank account more often than your social media feed... Even if you have done your part right, your tax refund may get stuck and some of the possible reasons could be as follows.","Refunds get stuck even when the user did everything right, and they don't know they're owed 6% interest.",Quicko (forum host),Med,Show expected refund + accruing 6% interest estimate and a 'raise grievance' shortcut once the wait crosses a threshold.,Yes
qna.tax,Intimation u/s 143(1) and other income tax notices,https://qna.tax/t/intimation-u-s-143-1-and-other-income-tax-notices/9589,2025,notices,"If you report only your salary of Rs 8,00,000 but forget to include bank interest of Rs 20,000, and Form 26AS already shows tax deducted on that interest, the return may be flagged as defective.","Taxpayers panic over notices/intimations and can't tell which need action (143(1), 139(9), 156, 245) vs which are just informational.",Quicko (forum host),High,"A notice decoder that classifies the section, states 'action needed vs FYI', shows the deadline, and pre-drafts the portal response.",Yes
qna.tax,How are profits from intraday and F&O trading taxed?,https://qna.tax/t/how-are-profits-from-intraday-and-f-o-trading-taxed/3623,2024,CG_FnO,"For the majority of the intraday and F&O traders, ITR 3 is applicable unless they have opted for the presumptive taxation scheme... From AY 2026-27 onwards, ITR-3 introduces two new fields specifically for F&O reporting.","Confusion over intraday (speculative) vs F&O (non-speculative), turnover calc, and being forced into the complex ITR-3.",Quicko (forum host),Med,"Import broker P&L and auto-split speculative vs non-speculative income, compute turnover, and pre-fill the correct ITR-3 schedules/codes.",Yes
qna.tax,Set-off and carry forward of losses for stock market investors & traders,https://qna.tax/t/set-off-and-carry-forward-of-losses-for-stock-market-investors-traders/3778,2024,CG_FnO,"You cannot choose to not set off and carry forward... Your current year losses will be first set off, then your brought forward losses will be set off. If still the loss remains, it will be carried forward.","Investors don't understand which losses offset which gains, mandatory set-off order, and carry-forward periods (4 vs 8 years).",Quicko (forum host),Med,"Visual set-off engine that shows how each loss bucket flows against gains/income and what carries forward, with deadline-to-file warning.",No
qna.tax,Can freelancers & professionals earn Rs 24L with zero tax after Union Budget 2025?,https://qna.tax/t/can-freelancers-professionals-earn-24l-with-zero-tax-after-union-budget-2025/8264,2025,freelancer,"ONLY SPECIFIED PROFESSIONALS can effectively pay zero tax on professional income up to Rs 24 lakh under Section 44ADA... However, GST registration & compliance become mandatory once turnover exceeds Rs 20 lakh.","Freelancers unsure if they're a 'specified professional' for 44ADA, that they can't claim extra expenses, and that GST kicks in separately.",Quicko (forum host),Med,44ADA eligibility checker (profession + Rs 50L/Rs 75L digital-receipts test) that flags the GST-at-Rs 20L threshold and the 'no expense claim' tradeoff.,Yes
qna.tax,ITR Forms for AY 2026-27: Key changes you need to know,https://qna.tax/t/itr-forms-for-ay-2026-27-key-changes-you-need-to-know/9992,"2026 (forms notified Mar 30-31, 2026)",which_form,"If you've been filing ITR-1, ITR-2, ITR-3 or ITR-4 the same way for years, there are a few changes from this year you should know about... several important updates affect who can file which form.","Eligibility rules for each ITR form keep changing year to year, so people don't know if last year's form still applies.",Quicko (forum host),High,Re-validate the user's form each AY against the latest rules and proactively flag 'you can now use ITR-1' / 'you must move to ITR-2' changes.,No
qna.tax,ITR-2 & ITR-3 form for AY 2025-26 notified: Key changes explained,https://qna.tax/t/itr-2-itr-3-form-for-ay-2025-26-notified-key-changes-explained/8820,2025,which_form,"These two forms are especially important as they cover most stock market investors, intraday and F&O traders, small businesses, and professionals across India.",Investors/traders struggle to map their income types to the right (and more detailed) ITR-2 vs ITR-3 with new disclosure fields.,Quicko (forum host),High,"Drive form selection from declared income sources and explain why a given form is required, with a preview of the extra schedules involved.",Yes
qna.tax,ITR Filing category - 'Which ITR form should I choose for my specific case?',https://qna.tax/c/income-tax/itr-filing/36,unknown,which_form,Which ITR form should I choose for my specific case?,The single most repeated beginner question - people simply don't know which form fits their situation.,Quicko (forum host),High,"A short guided questionnaire (income, residency, capital gains, foreign assets) that outputs the exact form plus a 'wrong form = 139(9) notice' caution.",Yes
qna.tax,AIS mismatch in ITR? Common issues and how to fix them,https://qna.tax/t/ais-mismatch-in-itr-common-issues-and-how-to-fix-them/9323,2025-07-14,AIS_mismatch,"The AIS showing the closing price of the stock instead of the actual sale price. For example, if you sold a stock for Rs 50 but the AIS shows Rs 51, that Rs 1 difference can alter your capital gains and trigger scrutiny during the assessment.","AIS/TIS data (capital gains closing-price, joint-property double counting, duplicated FD interest) is wrong, and reconciling it is time-consuming and scary.",Quicko (forum host),High,Line-by-line AIS-vs-actual reconciliation view that flags closing-price/duplicate/joint-PAN errors and generates the right AIS feedback while still letting you file with correct figures.,Yes
qna.tax,What is HRA: Rules and Calculation,https://qna.tax/t/what-is-hra-rules-and-calculation/5472,2024,other,"Since you've opted for the old regime, you can claim the HRA exemption while filing your ITR even if your company hasn't included it in your salary slip... it won't reflect in Form 16, but you can still claim it separately in your ITR.","Salaried users don't realize they can still claim HRA at filing (old regime) when the employer didn't, or what proof/landlord-PAN is needed.",Quicko (forum host),Med,"HRA calculator that computes the least-of-three exemption, warns it's old-regime-only, and lists the docs (rent receipts, landlord PAN >1L) to keep for scrutiny.",Yes
qna.tax,How to track ITR status on the Income Tax Portal?,https://qna.tax/t/how-to-track-itr-status-on-the-income-tax-portal/9470,2025,portal,"Defective Return (u/s 139(9)) - Your return has missing, incomplete, or inconsistent information... You have 15 days to correct and resubmit the return. If you don't respond, your ITR will be treated as invalid.",The portal's status labels are opaque and people don't know what each status means or what action/deadline it implies.,Quicko (forum host),High,"Translate raw portal statuses into plain-English states with deadlines and one-tap next actions (e.g., fix defective return within 15 days).",Yes
qna.tax,Form 27Q: TDS on payments made to Non-residents (NRIs),https://qna.tax/t/form-27q-tds-on-payments-made-to-non-residents-nris/3761,2024,NRI,"Seller (NRI) had provided me a lower TDS certificate (197)... when correcting the filed return, getting a message 'Certificate is fully consumed. Please check consumption status of certificate before furnishing certificate details in TDS statements to avoid any defaults'.","Resident buyers of NRI property are lost in TAN, 27Q filing, and lower-TDS (197) certificate consumption errors with default risk.",Quicko (forum host),Med,Step-by-step NRI-purchase TDS flow (TAN -> deduct -> challan -> 27Q -> certificate) that validates the 197 certificate balance before submission.,Yes
qna.tax,TDS on rented property owned by NRI,https://qna.tax/t/tds-on-rented-property-owned-by-nri/3755,2024,NRI,"Tenants paying rent on NRI-owned properties must deduct 31.2% at source. Upon payment, the tenant must fill in Form 15CA and submit it online to the ITD... Once the TAN number is issued, the tenant is required to deduct TDS at 31.2%.","Ordinary tenants don't know that paying rent to an NRI landlord forces them to get a TAN, deduct 31.2%, and file 15CA/27Q.",Quicko (forum host),Low,"Detect 'landlord is NRI' and trigger a compliance checklist (TAN, 31.2% TDS, 15CA, monthly challan) with reminders, since most tenants are unaware.",Yes
qna.tax,Tax on Capital Gains earned by NRI,https://qna.tax/t/tax-on-capital-gains-earned-by-nri/3813,2024,NRI,Tax on Capital Gains earned by NRI - Income from Capital Gains.,"NRIs are unsure how their Indian capital gains are taxed, what TDS applies, and how to claim refunds of excess TDS.",Quicko (forum host),Low,"NRI capital-gains module that applies special TDS rates, DTAA relief, and surfaces refund-via-ITR when TDS exceeds actual liability.",Yes
qna.tax,No taxes for NRIs on capital gains earned on Indian mutual funds?,https://qna.tax/t/no-taxes-for-nris-on-capital-gains-earned-on-indian-mutual-funds/8972,2025,NRI,"Mutual funds are not specifically mentioned in Article 13. So, the gains from mutual funds fall under Clause 5 of Article 13 - commonly known as the residual clause... taxed in the country of residence of the investor.",NRIs are confused about DTAA treatment of MF gains and the TRC/Form 10F steps needed to claim treaty relief and TDS refunds.,Quicko (forum host),Med,DTAA helper keyed to country of residence that explains MF-gain treatment and walks through TRC + Form 10F + ITR to reclaim TDS.,Yes
qna.tax,Tax notice for crypto investors | CBDT email for disclosing crypto income in ITR,https://qna.tax/t/tax-notice-for-crypto-investors-cbdt-email-for-disclosing-crypto-income-in-itr/9079,2025,notices,Thousands of people are getting notices for not reporting their crypto income correctly in their ITR... Many skipped the Schedule VDA altogether - the section specifically meant for declaring crypto-related income.,Crypto users who under-reported or skipped Schedule VDA are now getting CBDT notices as TDS records are matched against ITRs.,Quicko (forum host),High,"Reconcile exchange 1% TDS (194S) against the user's filing, warn if VDA income is missing/mis-classified, and offer an ITR-U fix path before a notice arrives.",Yes
qna.tax,How to file Form 141 for TDS on Crypto on Income Tax Portal?,https://qna.tax/t/how-to-file-form-141-for-tds-on-crypto-on-income-tax-portal/10021,2026,portal,"The Income Tax Portal has also been redesigned to align with the new Act, therefore it's important to understand the updated filing process. Form 141 is divided into four schedules.",P2P/foreign-exchange crypto buyers must navigate the redesigned portal and the new multi-schedule Form 141 with tight 30-day deadlines.,Quicko (forum host),Med,Guided Form 141 Schedule-D walkthrough for crypto TDS with cash vs in-kind branching and a 30-day deadline reminder.,Yes
qna.tax,Form 141 vs Form 26QE: TDS on Crypto Assets explained,https://qna.tax/t/form-141-vs-form-26qe-tds-on-crypto-assets-explained/9864,2026,CG_FnO,"Instead of multiple Form 26QE submissions depending on the number of sellers involved, you will now use a single, simplified declaration: Form 141 for specified transactions, including VDA transactions.","Users don't know whether to use the old 26QE or new consolidated Form 141, or how the transition/dates work.",Quicko (forum host),Low,Auto-pick the correct crypto-TDS form based on transaction date and route the user to one consolidated filing flow.,No
qna.tax,How to use Schedule CFL year on year?,https://qna.tax/t/how-to-use-schedule-cfl-year-on-year/7203,2024,CG_FnO,"Only the tabs [for] current year losses are editable in CFL. The tabs for total losses brought forward from [earlier] years is not editable... As the losses were adjusted in the last FY, you'll have to enter the adjusted values. You should refer to last year's ITR Form.",Carrying losses forward in Schedule CFL is error-prone because users must manually re-enter adjusted values from last year's return.,Quicko (forum host),Med,Persist prior-year loss balances and auto-populate Schedule CFL with the correct adjusted carry-forward figures across years.,No
Trustpilot (ClearTax reviews),ClearTax Reviews - Customer Service Reviews of cleartax.in,https://www.trustpilot.com/review/cleartax.in,2024,which_form,I bought their elite plan for assessing and filing my trading income. They filed under ITR2 as capital gains and made me pay 17k unnecessarily in taxes... had to refile under ITR3 to get that 17k back... it took 20 working days and 40 emails to coordinate with their CA's and support.,Wrong ITR form chosen by a paid 'expert' cost the user Rs 17k and weeks of back-and-forth.,ClearTax,High,Auto-detect correct ITR form from income sources (CG/F&O/business) and show a clear 'why this form' explanation before filing.,Yes
Trustpilot (ClearTax reviews),ClearTax Reviews - Customer Service Reviews of cleartax.in,https://www.trustpilot.com/review/cleartax.in,2024-25,portal,Paid 4100 for self filing and completed all the required things including paying tax and uploading challan... Checked a few days later to find that the process wasnt complete due to a technical error. They hadnt even bothered to inform me. Ended up paying 5k late fee and interest.,"Silent filing failure meant the return was never actually submitted, causing late fees.",ClearTax,High,Show an unambiguous end-to-end filing status tracker (Submitted -> Verified -> Processed) with proactive alerts on any failed step.,Yes
Trustpilot (ClearTax reviews),ClearTax Reviews - Customer Service Reviews of cleartax.in,https://www.trustpilot.com/review/cleartax.in,2024,NRI,"I took the Elite package and assigned with so called expert who doesn't know the basic of ITR2. After paying they want me to fill the FORM67, FA details etc.. Waste of money.","Paid expert lacked competence on foreign income (Form 67 / foreign assets schedule), pushing work back to the user.",ClearTax,Med,"Guided wizards for Form 67 / Schedule FA / FSI-TR with field-level help, so foreign-income filers aren't left to fend for themselves.",Yes
Rediff Gurus (Q&A),Used ClearTax to file returns for FY 2021-22; CA attached someone else's ITR,https://gurus.rediff.com/question/qdtl/money/had-used-services-cleartax-file-returns-financial-2021-22-cleartax/5143396,2023,notices,By mistake the CA had filled someone else's returns (ITR-1) with all wrong numbers also using the old tax regime... Fast-forward to February 2023 and I got a notice from IT department that since I had submitted my filings in old tax regime... I have to pay 85K + additional tax.,A filing mix-up locked the user into the wrong regime and triggered an Rs 85k demand notice months later.,ClearTax,High,"Final review screen must confirm identity (PAN), chosen regime, and key numbers with an explicit user sign-off before submission.",Yes
Zerodha TradingQnA,CA services for ITR 3 Audit,https://tradingqna.com/t/ca-services-for-itr-3-audit/60889,2023,pricing,The cost of audit is not declared upfront with ClearTax. They expect you to purchase the trader plan first. They would let you know the cost of audit later... Why would any one opt for such opaqueness?,"Opaque, surprise-later pricing for audit cases erodes trust before filing even starts.",ClearTax,High,"Show transparent, itemized pricing up front (platform fee + audit + DSC) with an estimate based on the user's profile.",Yes
Zerodha TradingQnA,CA services for ITR 3 Audit,https://tradingqna.com/t/ca-services-for-itr-3-audit/60889,2023,pricing,"Cleartax is nonsense. All they do is assign a CA, for that they charge the trader's plan fee which is daylight robbery. The CA then again charges for Auditing and Digital Signature.","Stacked, hidden fees (plan + audit + DSC) make platform-assisted filing feel like a rip-off vs a direct CA.",ClearTax,High,Bundle and disclose all charges in one quote; let users see exactly what each line item buys them.,Yes
TechnoFino community forum,"Tax ERIs (Cleartax, taxbuddy, quicko, etc.) reviews",https://technofino.in/community/threads/tax-eris-cleartax-taxbuddy-quicko-etc-reviews.14513/,2023,pricing,"ITR2 TaxBuddy offered Rs 2999, TaxSpanner Rs 2999 + GST, Quicko Rs 4499 + GST, ClearTax Rs 7053 (inc of taxes). Hence, I went ahead with TaxBuddy! But still awaiting filing of return by them (been 3 days so far)!","Huge price spread across platforms for the same ITR-2, plus slow turnaround after paying.",TaxBuddy/TaxSpanner/Quicko/ClearTax,High,Compete on transparent flat pricing + a visible SLA/ETA for assisted filing turnaround.,Yes
TechnoFino community forum,"Tax ERIs (Cleartax, taxbuddy, quicko, etc.) reviews",https://technofino.in/community/threads/tax-eris-cleartax-taxbuddy-quicko-etc-reviews.14513/,2023,CG_FnO,I use quicko - it integrates well with different brokers and is fairly straightforward... downloaded the trades imported by quicko and reuploaded to the original one. Works like a charm 10/10 do recommend.,Broker integration for capital-gains import is the standout reason users love Quicko.,Quicko,High,"One-click broker imports (Zerodha + multi-broker) for capital gains are table stakes; make multi-broker free, not paywalled.",No
TechnoFino community forum,"Tax ERIs (Cleartax, taxbuddy, quicko, etc.) reviews",https://technofino.in/community/threads/tax-eris-cleartax-taxbuddy-quicko-etc-reviews.14513/,2023,portal,"After spending over half a day on the official ITD website, I used Quicko and just connected to Zerodha, uploaded Form-16s. Voila! It was done. Didn't have to pay a single penny.",The official portal is so painful that users abandon it mid-way for a smoother third-party flow.,Quicko,High,"Position the product as the fast escape from portal friction: import everything, minimal manual entry, finish in minutes.",Yes
TechnoFino community forum,"Tax ERIs (Cleartax, taxbuddy, quicko, etc.) reviews",https://technofino.in/community/threads/tax-eris-cleartax-taxbuddy-quicko-etc-reviews.14513/,2023,NRI,"I'm more looking forward for helping file ITR with US Stocks, US dividends, US CGs along with local CGs.",Users with US equities (RSUs/dividends/CG) plus Indian CG struggle to find a tool that handles both well.,none,Med,"First-class support for foreign equity (RSU/ESOP, foreign dividends, FTC) alongside domestic capital gains in one flow.",Yes
CAclubindia forum,AIS Capital gains not matching with the Broker tax gain report,https://www.caclubindia.com/forum/ais-capital-gains-not-matching-with-the-broker-tax-gain-report-601674.asp,2023,AIS_mismatch,"IPO allotted shares cost price is mentioned as 0 in AIS, and whole selling amount is marked as STG... There are some sell transactions of March 2022, which are considered in AIS for 2023.","AIS reports zero cost basis and wrong-year transactions, inflating capital gains vs the broker statement.",none,High,"Auto-reconcile AIS vs broker P&L line-by-line, highlight mismatches (zero cost, wrong year, duplicates), and prefill correct figures.",Yes
CAclubindia forum,AIS Capital gains not matching with the Broker tax gain report,https://www.caclubindia.com/forum/ais-capital-gains-not-matching-with-the-broker-tax-gain-report-601674.asp,2023,AIS_mismatch,"AIS has many mismatches from my broker report, and giving feedback of each and every item is not possible. Is there any way we can find consolidated capital gains statement across brokers for a PAN?",Submitting AIS feedback transaction-by-transaction is impractical at scale; users want consolidation.,none,High,"Bulk AIS-feedback workflow + a consolidated multi-broker capital-gains view, instead of one-by-one corrections.",Yes
Quicko Tax Q&A,AIS mismatch in ITR? Common issues and how to fix them,https://qna.tax/t/ais-mismatch-in-itr-common-issues-and-how-to-fix-them/9323,2025,AIS_mismatch,"AIS showing the closing price of the stock instead of the actual sale price. For example, if you sold a stock for Rs 50 but the AIS shows Rs 51, that Rs 1 difference can alter your capital gains and trigger scrutiny.",Depository-reported closing price (not executed price) creates tiny but scrutiny-triggering CG mismatches.,Quicko,High,Flag AIS-vs-trade price deltas and recommend filing on broker figures + auto-draft AIS feedback for each flagged entry.,Yes
honestmoney.in (aggregating r/IndiaInvestments + Trustpilot),Best Tax Software India 2026 - ClearTax vs Tax2Win vs IT Portal (Honest Review),https://honestmoney.in/income-tax/best-tax-filing-software-india-2026-honest-review,2026,which_form,"Wrong ITR form auto-selected - ClearTax auto-selected ITR-2 instead of ITR-3 for a user with business income, resulting in Rs 17,000 unnecessary tax payment and a refile. Rs 6,000 paid for assistance was 'a total waste.'",Auto form-selection silently picks the wrong form for users with business income.,ClearTax,High,"Make form selection explainable and reversible; surface 'you have business income -> ITR-3' reasoning, not a silent default.",Yes
honestmoney.in (aggregating r/IndiaInvestments),Best Tax Software India 2026 - ClearTax vs Tax2Win vs IT Portal (Honest Review),https://honestmoney.in/income-tax/best-tax-filing-software-india-2026-honest-review,2026,pricing,"TaxBuddy and Tax2Win users report 3-5 calls per day after signing up for the free tier, pushing CA-assisted plans.",Aggressive upsell calls after free signup are a major turn-off.,TaxBuddy/Tax2Win,Med,"Respect a no-spam promise; offer in-app upgrade prompts only, never aggressive phone follow-ups.",Yes
honestmoney.in (aggregating r/IndiaInvestments),Best Tax Software India 2026 - ClearTax vs Tax2Win vs IT Portal (Honest Review),https://honestmoney.in/income-tax/best-tax-filing-software-india-2026-honest-review,2026,CG_FnO,Capital gains calculator errors for ESOPs - multiple reports of incorrect cost basis calculation when RSU vesting price is in foreign currency.,RSU/ESOP cost-basis in foreign currency is mis-calculated by capital-gains tools.,none,Med,Build an RSU/ESOP helper with correct FX-on-vest-date cost basis and clear assumptions shown to the user.,Yes
honestmoney.in (aggregating r/IndiaInvestments),Best Tax Software India 2026 - ClearTax vs Tax2Win vs IT Portal (Honest Review),https://honestmoney.in/income-tax/best-tax-filing-software-india-2026-honest-review,2026,AIS_mismatch,TDS credit mismatches not flagged - users discovered post-filing that TDS shown in Form 26AS did not match the amount claimed. No platform flagged this before submission.,Platforms don't warn about 26AS vs claimed TDS gaps until it's too late.,none,High,Pre-submission validation that diffs claimed TDS against 26AS and blocks/warns on mismatch before filing.,Yes
honestmoney.in (aggregating r/IndiaInvestments),Best Tax Software India 2026 - ClearTax vs Tax2Win vs IT Portal (Honest Review),https://honestmoney.in/income-tax/best-tax-filing-software-india-2026-honest-review,2026,refund,"ClearTax refund delays - customers report 8-9 months to process service refunds, with full multi-year charges deducted despite partial usage.",Slow/unfair refunds of the platform's own service fees frustrate users.,ClearTax,Med,"Clear, fast self-serve refund policy for service fees with visible status, to build trust vs incumbents.",Yes
honestmoney.in (aggregating r/IndiaInvestments),Best Tax Software India 2026 - ClearTax vs Tax2Win vs IT Portal (Honest Review),https://honestmoney.in/income-tax/best-tax-filing-software-india-2026-honest-review,2026,pricing,"The platform aggressively pushes a Rs 549 expert review add-on at every checkout step... if you start filing and get stuck, the only help option is the paid Rs 549 review... There is no free customer support for the free tier.","'Free' filing gets paywalled the moment the user hits a snag, with no free help.",ClearTax,High,Provide genuinely helpful free in-product guidance/help at stuck-points instead of paywalling support.,Yes
Economic Times (taxpayer quoted from X),Income tax portal not working? Here's what tax department said as internet flooded with complaints,https://m.economictimes.com/wealth/tax/income-tax-portal-not-working-check-what-tax-dept-said-as-internet-flooded-with-complaints/articleshow/123896321.cms,2025-09,portal,Your website on the last date moves slower than my snail! Every click feels like I am applying for ISRO launch clearance. If you can't make your website run at full speed on the most crucial day... at least give an Extended Due Date!,"Portal grinds to a halt on deadline day, causing panic among last-minute filers.",none,High,Let users prepare/queue returns offline and auto-submit when the portal is reachable; show portal health/deadline countdown.,Yes
Business Standard,Tax dept portal still slow? How to fix it before deadline to file returns,https://www.business-standard.com/finance/personal-finance/tax-dept-portal-still-slow-how-to-fix-it-before-deadline-to-file-returns-125091600449_1.html,2025-09,portal,"Users say that the Income Tax department's portal was slow, froze or threw up errors on Monday when millions logged in to file returns, prompting the deadline to be extended by a day.",Mass portal outages at deadline force last-minute deadline extensions and chaos.,none,Med,Encourage early filing with progress nudges; resilient retry/save-draft so a portal crash never loses user work.,Yes
GetBelong (NRI tax blog),Common Mistakes NRIs Make While Filing Taxes in India,https://getbelong.com/blog/nri-tax-filing-mistakes/,2025,AIS_mismatch,"Your tenant deducted Rs 50,000 TDS on rent. You report this Rs 50,000 in your ITR. But Form 26AS shows only Rs 35,000 (tenant deposited less, or deposited late, or reported wrong PAN).","Deductor errors mean claimed TDS exceeds 26AS, so the taxpayer can't claim the full credit.",none,High,Show TDS claimed vs 26AS side-by-side with a 'follow up with deductor' nudge for any shortfall before filing.,Yes
Times Now (Personal Finance),Income Tax Refund Still Not Credited After 5 Months? Here's What Might Be Holding It Up,https://www.timesnownews.com/business-economy/personal-finance/income-tax-refund-delayed-still-not-credited-after-5-months-here-is-what-might-holding-it-up-article-153434728,2025,refund,"A growing number of taxpayers have taken to social media... flagging prolonged delays in receiving their income tax refunds. In several cases, refunds have not been credited even after five months of filing.",Refunds stuck for 5+ months with no clear reason or visibility leave taxpayers anxious.,none,High,"Post-filing refund tracker that surfaces likely blockers (unverified ITR, bank validation, 26AS/AIS mismatch, demand offset) with fix actions.",Yes
MoneyControl (Personal Finance),Income tax refund not credited? Here are the reasons and what you can do,https://www.moneycontrol.com/news/business/personal-finance/income-tax-refund-not-credited-here-are-the-reasons-and-this-is-what-you-can-do-13766098.html,2025,refund,"If your refund bounces back... your status will show 'Refund Failed'. This happens when the account number is wrong, IFSC has changed, or the account was closed. The refund sits idle until you fix the details.",Refund failures from stale/unvalidated bank details silently stall the money.,none,Med,Validate and confirm the refund bank account (pre-validation status) during filing and warn on any 'Refund Failed' state with a re-issue shortcut.,Yes
Tax2win (guide reflecting common 143(1) confusion),"143(1) Intimation: Meaning, Demand/Refund & Reply",https://tax2win.in/guide/income-tax-notice-us-143-1,2025,notices,"Many people panic after seeing this email because they assume it is a legal notice or tax scrutiny... it is sent when the Department finds small errors... using the incorrect ITR form, or even failing to claim a deduction.","Taxpayers panic at routine 143(1) intimations, unsure whether it's a demand, refund, or nothing.",none,High,"Plain-language notice decoder: upload the 143(1) intimation, classify it (demand/refund/no-change), and walk through accept-or-dispute steps.",Yes
Instahyre (old vs new regime explainer reflecting common confusion),Old vs New Tax Regime 2026: Which Should You Choose?,https://resources.instahyre.com/blog/old-vs-new-tax-regime/,2026,regime,"Don't pick a regime by reputation. Take 15 minutes once a year, plug your real income and deductions into both, and choose the lower number... the breakeven shifts with income level.",Salaried filers are repeatedly confused about old vs new regime and pick wrongly without computing both.,none,High,"Always auto-compute tax under both regimes side-by-side and recommend the cheaper one, with a clear 'you save Rs X' callout.",Yes
ClearTax help,New Tax Regime 2026: All Your Questions Answered,https://cleartax.in/s/new-tax-regime-frequently-asked-questions,2026,regime,Taxpayers often get confused between the exemptions and deductions that are allowed under the new tax regime.,Confusion over which deductions survive in the new regime and the once-in-a-lifetime switch rule for business income.,ClearTax,High,"Grey out / clearly flag deductions disallowed under the chosen regime in real time, and warn business-income users before an irreversible regime switch.",Yes
ClearTax help,Income Tax Refund Delay 2025: Reasons And What To Do If Your Refund Is Delayed?,https://cleartax.in/s/what-to-do-income-tax-refund-is-delayed,2025,refund,Mismatch of information between ITR filed and Form 26AS... may lead to a delay in getting your refund.,"Users don't know why a refund is stuck (e-verification, bank not pre-validated, 26AS mismatch, or Section 245 adjustment).",ClearTax,High,"Post-filing refund tracker that maps the portal status to a plain-English reason and the exact next action (e-verify, pre-validate bank, respond to notice).",Yes
ClearTax help,ITR-3 vs ITR-4: Difference and Who Can File?,https://cleartax.in/s/itr-3-vs-itr-4-difference,2026,which_form,"If any person has capital gains, ITR-2 or ITR-3 can be filed... Under presumptive taxation scheme, freelancers can file ITR-4 form.",Freelancers and investors can't tell when presumptive ITR-4 is allowed vs when capital gains/F&O force ITR-2/ITR-3.,ClearTax,High,Never ask the user to pick a form: derive it from an income-source questionnaire and explain in one line why that form was selected.,Yes
ClearTax help,"NRI Income Tax in India (2026): Slabs, Rules, ITR Forms and Capital Gains",https://cleartax.in/s/income-tax-for-nri,2026,NRI,"Before knowing your tax liability, you must check your residential status... An NRI cannot file ITR-1 and ITR-4.",NRIs are unsure of their residential status and which form they're even eligible to use.,ClearTax,Med,Build a day-count residential-status wizard (ROR/RNOR/NRI) that gates eligible forms and auto-shows Schedule FA when foreign assets are flagged.,Yes
ClearTax help,Income Tax Slabs FY 2025-26 (AY 2026-27): New Tax Regime and Old Regime Rates,https://cleartax.in/s/income-tax-slabs,2025,regime,"The new tax regime is the default tax regime for FY 2025-26... with the rebate available under Section 87A, individuals with taxable income up to Rs. 12 lakh pay zero tax.","Users misunderstand the 87A rebate, default-regime behavior, and the 'zero tax up to 12 lakh' headline.",ClearTax,Med,Show an explicit slab + 87A rebate breakdown so the user sees how their tax reaches zero (or doesn't) rather than trusting a marketing number.,Yes
TaxBuddy blog,Assisted Filing with CA Review from TaxBuddy vs DIY Filing,https://www.taxbuddy.com/blog/assisted-filing-ca-review,2025,other,"DIY platforms typically offer automated processes that are ideal for simple returns, but they may not be equipped to handle more complex financial situations.",Users on DIY tools hit a complexity wall and don't know when to escalate to a CA.,TaxBuddy,High,"Offer in-flow, contextual escalation ('this looks complex - get a CA to review') exactly at the step where DIY users get stuck, not as an upfront upsell.",No
TaxBuddy blog,TaxBuddy DIY vs Assisted Filing: Which Is Best for You in FY 2025-26?,https://www.taxbuddy.com/blog/taxbuddy-diy-vs-assisted-filing,2025,pricing,The cost for Assisted filing... depends on the complexity of your tax return... You can contact TaxBuddy's customer support for a detailed quote.,"Assisted pricing is opaque ('depends on complexity / contact us'), so users can't predict cost before committing.",TaxBuddy,High,Show a deterministic price upfront based on the income sources the user already selected - no 'contact us for a quote' dead-ends.,Yes
TaxBuddy blog,Cheapest & Trusted Way to File ITR in India - TaxBuddy Review,https://www.taxbuddy.com/blog/cheapest-trusted-way-file-itr-india,2025,pricing,"The cost starts at Rs.999 for a salary plus one house property plan. This is considerably cheaper than competitors like ClearTax, which charges Rs.1,799 for a similar service.",Users price-shop heavily between platforms and resent paywalls/upsells for similar work.,TaxBuddy (vs ClearTax),High,"Make plan tiers and what each unlocks transparent on one screen, and surface post-filing notice support as an included value, not a surprise add-on.",Yes
TaxBuddy blog,How to Raise Grievance for Delayed Refund on Income Tax Portal,https://www.taxbuddy.com/blog/refund-grievance-submission,2025,refund,"A delayed income tax refund usually indicates a pending verification, an error in bank details, or a mismatch in tax data.",Users don't know the e-Nivaran grievance flow or which category/acknowledgement details to file.,TaxBuddy,Med,"Provide a guided grievance helper that pre-fills acknowledgement number, AY, and filing date, and tells the user which department (CPC vs SBI vs AO) to address.",Yes
TaxBuddy blog,ITR 2 vs ITR 3 for Capital Gains Professionals,https://www.taxbuddy.com/blog/itr-2-and-itr-3-for-professionals-with-capital-gains,2025,CG_FnO,"Professionals earning capital gains often face confusion over choosing the correct income tax return (ITR) form... If there's any income from business or profession, including freelancing or consultancy, ITR 3 becomes mandatory, even when capital gains are present.",Investors with any F&O/freelance income wrongly pick ITR-2 and risk a defective-return notice.,TaxBuddy,High,"When a user reports F&O/intraday/freelance income, auto-route to ITR-3 with Schedule BP and explain that even tiny F&O turnover makes it business income.",Yes
Tax2Win guide,How to file ITR using Tax2win?,https://tax2win.in/guide/how-to-file-itr-using-tax2win,2025,which_form,"Tax2win DIY platform is AI-integrated, hence it will auto-select the right ITR form for you itself and thus makes filing super-easy for you.",Form selection is a top friction point - users want it auto-decided rather than choosing themselves.,Tax2Win,High,Lead with auto form-selection + auto regime-selection from a short income-sources step; treat manual form choice as an advanced override only.,No
Tax2Win guide,"Pricing - Tax Accountant, CA Assisted, File Income Tax Return for Free",https://tax2win.in/pricing,2025,pricing,"When our team is not available instantly, you can avail self-filing plan and upgrade to our paid plan later (we adjust the amount paid in self-filing in our paid plans).","Users are unclear when free DIY ends and paid assisted begins, and whether money already paid carries over.",Tax2Win,Med,"Make DIY->assisted upgrades seamless with credit for amounts already paid, and clearly state eligibility limits for the free plan up front.",Yes
Tax2Win guide,Online CA Near Me | Hire CA Consultants For ITR Filing,https://tax2win.in/ca-assisted,2025,other,"The CA will review your information and reach out to you for a consultation... explaining any complexities or nuances... Once you approve the prepared return, the eCA will file your taxes.","Assisted users want visibility into the CA hand-off, review, and approval steps rather than a black box.",Tax2Win,Med,Expose a clear assisted-filing status pipeline (assigned -> docs -> computation shared -> your approval -> filed -> e-verified) with the computation visible before filing.,No
Reviews (Trustpilot),ClearTax Reviews | Read Customer Service Reviews of cleartax.in,https://www.trustpilot.com/review/cleartax.in,2025,other,"They charge customers a high fee and then assign trainees... I paid Rs.9,033 for a wrong plan (even though I have no foreign income to declare), and instead of resolving the issue or issuing a refund, my ticket was closed without answers.",Users feel mis-sold expensive plans they didn't need and abandoned at the deadline with closed tickets.,ClearTax,High,"Recommend the cheapest correct plan based on declared income (never default to higher tiers), and guarantee plan-mismatch refunds/downgrades with a visible support SLA.",Yes
Reviews (Google Play),TaxBuddy: Income Tax & Finance - Google Play user review,https://play.google.com/store/apps/details?id=com.taxbuddy.gst,2025,notices,The tax filing experience was ok and quite fast. When it comes to handling the notice they are the worst.. my case has been pending for 3 years now.. you need to constantly chase them.,"Notice handling drags on for years with poor follow-through, even when initial filing was smooth.",TaxBuddy,High,"Treat notices as a tracked case with status, deadlines, assigned owner, and proactive updates - so users never have to 'chase' for progress.",Yes
Reviews (MouthShut),Highly dissatisfied with cleartax gst software,https://www.mouthshut.com/review/cleartax-review-mumnntnrtnp,2024,portal,"Now suddenly... they migrated to 2.0 without taking my consent and they shut down the old version... I have to migrate all the data to the new version all by myself, 10 days before the due date.",Forced platform/version migrations near deadlines destroy user trust and create data-loss panic.,ClearTax,Med,Avoid disruptive changes during filing season; preserve prior-year data continuity and never force a migration with a deadline looming.,Yes
Reviews (Techjockey),TaxBuddy Reviews 2026: Pros & Cons and Ratings,https://www.techjockey.com/reviews/taxbuddy,2026,other,"Paying for notice help and advisory adds up... No 24/7 support-so late-night help isn't always available... during heavy filing days, the app stutters a bit.","Add-on fees for notices/advisory, limited support hours, and app instability during peak filing.",TaxBuddy (switched from ClearTax),High,"Bundle basic notice/advisory help into the core price, set support-hour expectations clearly in-app, and harden performance for deadline-day load.",Yes
Reviews (thedatascientist comparison),TaxBuddy vs ClearTax: Best ITR Filing Option in 2025,https://thedatascientist.com/taxbuddy-vs-cleartax-best-itr-filing-option-in-2025/,2025,other,"ClearTax... can sometimes overwhelm new users with multiple service offerings and upselling tactics... response times can be slower, especially during peak filing periods.","New users feel overwhelmed by upsells and a sprawling product, with slow help when it matters most.",ClearTax vs TaxBuddy,High,"Keep the first-time flow minimal and linear (one clear path), defer cross-sell, and prioritize fast in-context help during peak season.",No
Reviews (Quicko tool),Check Residential Status - Know Your Tax Residency | Quicko,https://quicko.com/tools/check-residential-status,2025,NRI,Common mistakes: counting only full days and ignoring arrival or departure days... assuming citizenship decides residential status instead of physical presence... confusing RNOR status with NRI status.,Returning NRIs and foreign-income earners routinely misjudge residential status and day-counting rules.,Quicko,Med,Provide a calendar-based day-count residency calculator that counts arrival/departure days correctly and explains ROR vs RNOR vs NRI in plain language.,Yes
